category_id,category_name,parent_category,url
,Cuisine,,https://www.bricodepot.fr/produits/cuisine
,Salle de bain et WC,,https://www.bricodepot.fr/produits/salle-de-bain-et-wc
,Dressing et rangement,,https://www.bricodepot.fr/produits/dressing-et-rangement
,Terrasse et jardin,,https://www.bricodepot.fr/produits/terrasse-et-jardin
,Matériau et gros œuvre,,https://www.bricodepot.fr/produits/materiau-et-gros-oeuvre
,"Chauffage, clim et ventilation",,https://www.bricodepot.fr/produits/chauffage-clim-et-ventilation
,"Fenêtre, porte et escalier",,https://www.bricodepot.fr/produits/fenetre-porte-et-escalier
,"Carrelage, stratifié et parquet",,https://www.bricodepot.fr/produits/carrelage-stratifie-et-parquet
,Plomberie,,https://www.bricodepot.fr/produits/plomberie
,Peinture et revêtement mural,,https://www.bricodepot.fr/produits/peinture-et-revetement-mural
,Eclairage,,https://www.bricodepot.fr/produits/eclairage
,Electricité,,https://www.bricodepot.fr/produits/electricite
,Outillage,,https://www.bricodepot.fr/produits/outillage
,Quincaillerie,,https://www.bricodepot.fr/produits/quincaillerie
,Quincaillerie et fixation,Quincaillerie,https://www.bricodepot.fr/produits/quincaillerie/quincaillerie-et-fixation
,Sécurité et Contrôle d’Accès,Quincaillerie,https://www.bricodepot.fr/produits/quincaillerie/securite-et-controle-d-acces
,Droguerie et produit d'entretien,Quincaillerie,https://www.bricodepot.fr/produits/quincaillerie/droguerie-et-produit-d-entretien
,"Outillage électroportatif, à main et accessoire",Outillage,https://www.bricodepot.fr/produits/outillage/outillage-electroportatif-a-main-et-accessoire
,"Matériel d’atelier, de chantier et de protection",Outillage,https://www.bricodepot.fr/produits/outillage/materiel-d-atelier-de-chantier-et-de-protection
,Matériel et outillage jardin et arrosage,Outillage,https://www.bricodepot.fr/produits/outillage/materiel-et-outillage-jardin-et-arrosage
,Outillage 1er prix,Outillage,https://www.bricodepot.fr/produits/outillage/outillage-premier-prix
,Installation électrique,Electricité,https://www.bricodepot.fr/produits/electricite/installation-electrique
,Électricité du quotidien,Electricité,https://www.bricodepot.fr/produits/electricite/electricite-du-quotidien
,Domotique et maison connectée,Electricité,https://www.bricodepot.fr/produits/electricite/domotique-et-maison-connectee
,Electricité 1er prix,Electricité,https://www.bricodepot.fr/produits/electricite/electricite-1er-prix
,Eclairage intérieur et de chantier,Eclairage,https://www.bricodepot.fr/produits/eclairage/eclairage-interieur-et-de-chantier
,Eclairage extérieur,Eclairage,https://www.bricodepot.fr/produits/eclairage/eclairage-exterieur
,Ampoule et composant,Eclairage,https://www.bricodepot.fr/produits/eclairage/ampoule-et-composant
,Eclairage 1er prix,Eclairage,https://www.bricodepot.fr/produits/eclairage/eclairage-premier-prix
,Revêtement mural,Peinture et revêtement mural,https://www.bricodepot.fr/produits/peinture-et-revetement-mural/revetement-mural
,Peinture intérieure et préparation des murs,Peinture et revêtement mural,https://www.bricodepot.fr/produits/peinture-et-revetement-mural/peinture-interieure-et-preparation-des-murs
,Peinture extérieure et protection de la façade,Peinture et revêtement mural,https://www.bricodepot.fr/produits/peinture-et-revetement-mural/peinture-exterieure-et-protection-de-la-facade
,Peinture 1er prix,Peinture et revêtement mural,https://www.bricodepot.fr/produits/peinture-et-revetement-mural/peinture-premier-prix
,Distribution et production d’eau,Plomberie,https://www.bricodepot.fr/produits/plomberie/distribution-et-production-d-eau
,Évacuation et traitement de l’eau,Plomberie,https://www.bricodepot.fr/produits/plomberie/evacuation-et-traitement-de-l-eau
,Outil et accessoire du plombier,Plomberie,https://www.bricodepot.fr/produits/plomberie/outil-et-accessoire-du-plombier
,Carrelage et Galet,"Carrelage, stratifié et parquet",https://www.bricodepot.fr/produits/carrelage-stratifie-et-parquet/carrelage-et-galet
,"Stratifié, parquet et sol vinyle PVC","Carrelage, stratifié et parquet",https://www.bricodepot.fr/produits/carrelage-stratifie-et-parquet/stratifie-parquet-et-sol-vinyle-pvc
,"Produit de pose, de finition et d'entretien","Carrelage, stratifié et parquet",https://www.bricodepot.fr/produits/carrelage-stratifie-et-parquet/produit-de-pose-de-finition-et-d-entretien
,Baisse de prix Carrelage,"Carrelage, stratifié et parquet",https://www.bricodepot.fr/produits/carrelage-stratifie-et-parquet/baisse-de-prix-carrelage
,"Fenêtre, baie vitrée, volet","Fenêtre, porte et escalier",https://www.bricodepot.fr/produits/fenetre-porte-et-escalier/fenetre-baie-vitree-volet
,"Porte d'entrée, intérieure et garage","Fenêtre, porte et escalier",https://www.bricodepot.fr/produits/fenetre-porte-et-escalier/porte-d-entree-interieure-et-garage
,Escalier et Balustrade,"Fenêtre, porte et escalier",https://www.bricodepot.fr/produits/fenetre-porte-et-escalier/escalier-et-balustrade
,Radiateur et système de chauffage,"Chauffage, clim et ventilation",https://www.bricodepot.fr/produits/chauffage-clim-et-ventilation/radiateur-et-systeme-de-chauffage
,Climatisation et confort thermique,"Chauffage, clim et ventilation",https://www.bricodepot.fr/produits/chauffage-clim-et-ventilation/climatisation-et-confort-thermique
,Chauffage bois et énergie alternative,"Chauffage, clim et ventilation",https://www.bricodepot.fr/produits/chauffage-clim-et-ventilation/chauffage-bois-et-energie-alternative
,"Chauffage, clim 1er prix","Chauffage, clim et ventilation",https://www.bricodepot.fr/produits/chauffage-clim-et-ventilation/chauffage-clim-premier-prix
,Gros œuvre et évacuation des eaux,Matériau et gros œuvre,https://www.bricodepot.fr/produits/materiau-et-gros-oeuvre/gros-oeuvre-et-evacuation-des-eaux
,Toiture et façade,Matériau et gros œuvre,https://www.bricodepot.fr/produits/materiau-et-gros-oeuvre/toiture-et-facade
,Isolation et cloison,Matériau et gros œuvre,https://www.bricodepot.fr/produits/materiau-et-gros-oeuvre/isolation-et-cloison
,Profiter du jardin,Terrasse et jardin,https://www.bricodepot.fr/produits/terrasse-et-jardin/profiter-du-jardin
,Aménager le jardin,Terrasse et jardin,https://www.bricodepot.fr/produits/terrasse-et-jardin/amenager-le-jardin
,Jardinage et entretien du jardin,Terrasse et jardin,https://www.bricodepot.fr/produits/terrasse-et-jardin/jardinage-et-entretien-du-jardin
,Dressing et aménagement placard,Dressing et rangement,https://www.bricodepot.fr/produits/dressing-et-rangement/dressing-et-amenagement-placard
,Porte coulissante et quincaillerie,Dressing et rangement,https://www.bricodepot.fr/produits/dressing-et-rangement/porte-coulissante-et-quincaillerie
,"Rangement, étagère et organisation",Dressing et rangement,https://www.bricodepot.fr/produits/dressing-et-rangement/rangement-etagere-et-organisation
,Dressing et rangement 1er prix,Dressing et rangement,https://www.bricodepot.fr/produits/dressing-et-rangement/dressing-et-rangement-premier-prix
,Meuble et vasque de salle de bain,Salle de bain et WC,https://www.bricodepot.fr/produits/salle-de-bain-et-wc/meuble-et-vasque-de-salle-de-bain
,"Douche, baignoire et wc",Salle de bain et WC,https://www.bricodepot.fr/produits/salle-de-bain-et-wc/douche-baignoire-et-wc
,"Chauffage, plomberie et accessoire de salle de bain",Salle de bain et WC,https://www.bricodepot.fr/produits/salle-de-bain-et-wc/chauffage-plomberie-et-accessoire-de-salle-de-bain
,1er prix en salle de bains,Salle de bain et WC,https://www.bricodepot.fr/produits/salle-de-bain-et-wc/salle-de-bains-premier-prix
,Meuble et aménagement de cuisine sur mesure,Cuisine,https://www.bricodepot.fr/produits/cuisine/meuble-et-amenagement-de-cuisine-sur-mesure
,Electroménager et équipement de cuisine,Cuisine,https://www.bricodepot.fr/produits/cuisine/electromenager-et-equipement-de-cuisine
,Revêtement et finition cuisine,Cuisine,https://www.bricodepot.fr/produits/cuisine/revetement-et-finition-cuisine
,Cuisine 1er prix,Cuisine,https://www.bricodepot.fr/produits/cuisine/cuisine-premier-prix
,Accessoire de ménage,Droguerie et produit d'entretien,https://www.bricodepot.fr/produits/quincaillerie/droguerie-et-produit-d-entretien/accessoire-de-menage
,Produit d'entretien,Droguerie et produit d'entretien,https://www.bricodepot.fr/produits/quincaillerie/droguerie-et-produit-d-entretien/produit-d-entretien
,Tapis et paillasson,Droguerie et produit d'entretien,https://www.bricodepot.fr/produits/quincaillerie/droguerie-et-produit-d-entretien/tapis-et-paillasson
,Sécurité de la maison,Sécurité et Contrôle d’Accès,https://www.bricodepot.fr/produits/quincaillerie/securite-et-controle-d-acces/securite-de-la-maison
,Serrurerie,Sécurité et Contrôle d’Accès,https://www.bricodepot.fr/produits/quincaillerie/securite-et-controle-d-acces/serrurerie
,Boîte aux lettres,Sécurité et Contrôle d’Accès,https://www.bricodepot.fr/produits/quincaillerie/securite-et-controle-d-acces/boite-aux-lettres
,Signalisation de chantier,Sécurité et Contrôle d’Accès,https://www.bricodepot.fr/produits/quincaillerie/securite-et-controle-d-acces/signalisation-de-chantier
,"Clouterie, visserie et boulonnerie",Quincaillerie et fixation,https://www.bricodepot.fr/produits/quincaillerie/quincaillerie-et-fixation/clouterie-visserie-et-boulonnerie
,Fixation et assemblage,Quincaillerie et fixation,https://www.bricodepot.fr/produits/quincaillerie/quincaillerie-et-fixation/fixation-et-assemblage
,"Corde, sangle et chaîne",Quincaillerie et fixation,https://www.bricodepot.fr/produits/quincaillerie/quincaillerie-et-fixation/corde-sangle-et-chaine
,Tôle et profilé,Quincaillerie et fixation,https://www.bricodepot.fr/produits/quincaillerie/quincaillerie-et-fixation/tole-et-profile
,"Barre, tringle et câble",Quincaillerie et fixation,https://www.bricodepot.fr/produits/quincaillerie/quincaillerie-et-fixation/barre-tringle-et-cable
,Outillage de jardin motorisé,Matériel et outillage jardin et arrosage,https://www.bricodepot.fr/produits/outillage/materiel-et-outillage-jardin-et-arrosage/outillage-de-jardin-motorise
,Outillage de jardin à main,Matériel et outillage jardin et arrosage,https://www.bricodepot.fr/produits/outillage/materiel-et-outillage-jardin-et-arrosage/outillage-de-jardin-a-main
,Pompe et système d'arrosage,Matériel et outillage jardin et arrosage,https://www.bricodepot.fr/produits/outillage/materiel-et-outillage-jardin-et-arrosage/pompe-et-systeme-d-arrosage
,Huile essence et lubrifiant,Matériel et outillage jardin et arrosage,https://www.bricodepot.fr/produits/outillage/materiel-et-outillage-jardin-et-arrosage/huile-essence-et-lubrifiant
,Escalier,Escalier et Balustrade,https://www.bricodepot.fr/produits/fenetre-porte-et-escalier/escalier-et-balustrade/escalier
,"Balustrade, garde corps",Escalier et Balustrade,https://www.bricodepot.fr/produits/fenetre-porte-et-escalier/escalier-et-balustrade/balustrade-garde-corps
,"Rampe d'escalier, main courante",Escalier et Balustrade,https://www.bricodepot.fr/produits/fenetre-porte-et-escalier/escalier-et-balustrade/rampe-d-escalier-main-courante
,Nez de marche,Escalier et Balustrade,https://www.bricodepot.fr/produits/fenetre-porte-et-escalier/escalier-et-balustrade/nez-de-marche
,Laine de verre,Isolation et cloison,https://www.bricodepot.fr/produits/materiau-et-gros-oeuvre/isolation-et-cloison/laine-de-verre
,Laine de roche,Isolation et cloison,https://www.bricodepot.fr/produits/materiau-et-gros-oeuvre/isolation-et-cloison/laine-de-roche
,Fibre de bois,Isolation et cloison,https://www.bricodepot.fr/produits/materiau-et-gros-oeuvre/isolation-et-cloison/fibre-de-bois
,Isolation de la maison,Isolation et cloison,https://www.bricodepot.fr/produits/materiau-et-gros-oeuvre/isolation-et-cloison/isolation-de-la-maison
,Plaque de plâtre,Isolation et cloison,https://www.bricodepot.fr/produits/materiau-et-gros-oeuvre/isolation-et-cloison/plaque-de-platre
,Doublage plaque de plâtre,Isolation et cloison,https://www.bricodepot.fr/produits/materiau-et-gros-oeuvre/isolation-et-cloison/doublage-plaque-de-platre
,Ossature métallique,Isolation et cloison,https://www.bricodepot.fr/produits/materiau-et-gros-oeuvre/isolation-et-cloison/ossature-metallique
,Cloison et armature,Isolation et cloison,https://www.bricodepot.fr/produits/materiau-et-gros-oeuvre/isolation-et-cloison/cloison-et-armature
,Panneau bois et dalle de plancher,Isolation et cloison,https://www.bricodepot.fr/produits/materiau-et-gros-oeuvre/isolation-et-cloison/panneau-bois-et-dalle-de-plancher
,Etanchéité,Isolation et cloison,https://www.bricodepot.fr/produits/materiau-et-gros-oeuvre/isolation-et-cloison/etancheite
,Entretien du jardin,Jardinage et entretien du jardin,https://www.bricodepot.fr/produits/terrasse-et-jardin/jardinage-et-entretien-du-jardin/entretien-du-jardin
,Jardinage,Jardinage et entretien du jardin,https://www.bricodepot.fr/produits/terrasse-et-jardin/jardinage-et-entretien-du-jardin/jardinage
,Coupe du bois,Jardinage et entretien du jardin,https://www.bricodepot.fr/produits/terrasse-et-jardin/jardinage-et-entretien-du-jardin/coupe-du-bois
,Colle,Fixation et assemblage,https://www.bricodepot.fr/produits/quincaillerie/quincaillerie-et-fixation/fixation-et-assemblage/colle
,Connecteur,Fixation et assemblage,https://www.bricodepot.fr/produits/quincaillerie/quincaillerie-et-fixation/fixation-et-assemblage/connecteur
,Cheville,Fixation et assemblage,https://www.bricodepot.fr/produits/quincaillerie/quincaillerie-et-fixation/fixation-et-assemblage/cheville
,"Pied, roue et patin",Fixation et assemblage,https://www.bricodepot.fr/produits/quincaillerie/quincaillerie-et-fixation/fixation-et-assemblage/pied-roue-et-patin
,Adhésif,Fixation et assemblage,https://www.bricodepot.fr/produits/quincaillerie/quincaillerie-et-fixation/fixation-et-assemblage/adhesif
,Scellement chimique,Fixation et assemblage,https://www.bricodepot.fr/produits/quincaillerie/quincaillerie-et-fixation/fixation-et-assemblage/scellement-chimique
,Carré potager,Jardinage,https://www.bricodepot.fr/produits/terrasse-et-jardin/jardinage-et-entretien-du-jardin/jardinage/carre-potager
,Bac à fleur,Jardinage,https://www.bricodepot.fr/produits/terrasse-et-jardin/jardinage-et-entretien-du-jardin/jardinage/bac-a-fleur
,Serre de jardin,Jardinage,https://www.bricodepot.fr/produits/terrasse-et-jardin/jardinage-et-entretien-du-jardin/jardinage/serre-de-jardin
,Composteur,Jardinage,https://www.bricodepot.fr/produits/terrasse-et-jardin/jardinage-et-entretien-du-jardin/jardinage/composteur
,Tuyau d'arrosage,Jardinage,https://www.bricodepot.fr/produits/terrasse-et-jardin/jardinage-et-entretien-du-jardin/jardinage/tuyau-d-arrosage
,Enrouleur tuyau d'arrosage,Jardinage,https://www.bricodepot.fr/produits/terrasse-et-jardin/jardinage-et-entretien-du-jardin/jardinage/enrouleur-tuyau-d-arrosage
,Geotextile,Jardinage,https://www.bricodepot.fr/produits/terrasse-et-jardin/jardinage-et-entretien-du-jardin/jardinage/geotextile
,Gazon synthétique,Jardinage,https://www.bricodepot.fr/produits/terrasse-et-jardin/jardinage-et-entretien-du-jardin/jardinage/gazon-synthetique
,Terreau,Jardinage,https://www.bricodepot.fr/produits/terrasse-et-jardin/jardinage-et-entretien-du-jardin/jardinage/terreau
,Récupérateur d'eau,Jardinage,https://www.bricodepot.fr/produits/terrasse-et-jardin/jardinage-et-entretien-du-jardin/jardinage/recuperateur-d-eau
,Robinet extérieur,Jardinage,https://www.bricodepot.fr/produits/terrasse-et-jardin/jardinage-et-entretien-du-jardin/jardinage/robinet-exterieur
,"Sapin, arbre et plante",Jardinage,https://www.bricodepot.fr/produits/terrasse-et-jardin/jardinage-et-entretien-du-jardin/jardinage/sapin-arbre-et-plante
,Tondeuse à gazon,Entretien du jardin,https://www.bricodepot.fr/produits/terrasse-et-jardin/jardinage-et-entretien-du-jardin/entretien-du-jardin/tondeuse-a-gazon
,Robot tondeuse,Entretien du jardin,https://www.bricodepot.fr/produits/terrasse-et-jardin/jardinage-et-entretien-du-jardin/entretien-du-jardin/robot-tondeuse
,Taille haie,Entretien du jardin,https://www.bricodepot.fr/produits/terrasse-et-jardin/jardinage-et-entretien-du-jardin/entretien-du-jardin/taille-haie
,Coupe-bordure,Entretien du jardin,https://www.bricodepot.fr/produits/terrasse-et-jardin/jardinage-et-entretien-du-jardin/entretien-du-jardin/coupe-bordure
,Souffleur,Entretien du jardin,https://www.bricodepot.fr/produits/terrasse-et-jardin/jardinage-et-entretien-du-jardin/entretien-du-jardin/souffleur
,Débrouissailleuse,Entretien du jardin,https://www.bricodepot.fr/produits/terrasse-et-jardin/jardinage-et-entretien-du-jardin/entretien-du-jardin/debrouissailleuse
,"Motoculteur, motobineuse, tarière",Entretien du jardin,https://www.bricodepot.fr/produits/terrasse-et-jardin/jardinage-et-entretien-du-jardin/entretien-du-jardin/motoculteur-motobineuse-tariere
,Nettoyeur haute pression,Entretien du jardin,https://www.bricodepot.fr/produits/terrasse-et-jardin/jardinage-et-entretien-du-jardin/entretien-du-jardin/nettoyeur-haute-pression
,Broyeur végétaux,Entretien du jardin,https://www.bricodepot.fr/produits/terrasse-et-jardin/jardinage-et-entretien-du-jardin/entretien-du-jardin/broyeur-vegetaux
,Bâche,Entretien du jardin,https://www.bricodepot.fr/produits/terrasse-et-jardin/jardinage-et-entretien-du-jardin/entretien-du-jardin/bache
,Bêche jardin,Entretien du jardin,https://www.bricodepot.fr/produits/terrasse-et-jardin/jardinage-et-entretien-du-jardin/entretien-du-jardin/beche-jardin
,Rateau,Entretien du jardin,https://www.bricodepot.fr/produits/terrasse-et-jardin/jardinage-et-entretien-du-jardin/entretien-du-jardin/rateau
,Outillage du jardin,Entretien du jardin,https://www.bricodepot.fr/produits/terrasse-et-jardin/jardinage-et-entretien-du-jardin/entretien-du-jardin/outillage-du-jardin
,Brouette de jardin,Entretien du jardin,https://www.bricodepot.fr/produits/terrasse-et-jardin/jardinage-et-entretien-du-jardin/entretien-du-jardin/brouette-de-jardin
,Panneau Bois,Panneau bois et dalle de plancher,https://www.bricodepot.fr/produits/materiau-et-gros-oeuvre/isolation-et-cloison/panneau-bois-et-dalle-de-plancher/panneau-bois
,Dalle plancher bois,Panneau bois et dalle de plancher,https://www.bricodepot.fr/produits/materiau-et-gros-oeuvre/isolation-et-cloison/panneau-bois-et-dalle-de-plancher/dalle-plancher-bois
,Plancher Bois,Panneau bois et dalle de plancher,https://www.bricodepot.fr/produits/materiau-et-gros-oeuvre/isolation-et-cloison/panneau-bois-et-dalle-de-plancher/plancher-bois
,Planche de bois,Panneau bois et dalle de plancher,https://www.bricodepot.fr/produits/materiau-et-gros-oeuvre/isolation-et-cloison/panneau-bois-et-dalle-de-plancher/planche-de-bois
,Tasseau Bois,Panneau bois et dalle de plancher,https://www.bricodepot.fr/produits/materiau-et-gros-oeuvre/isolation-et-cloison/panneau-bois-et-dalle-de-plancher/tasseau-bois
,Moulures,Panneau bois et dalle de plancher,https://www.bricodepot.fr/produits/materiau-et-gros-oeuvre/isolation-et-cloison/panneau-bois-et-dalle-de-plancher/moulures
,Tablette bois,Panneau bois et dalle de plancher,https://www.bricodepot.fr/produits/materiau-et-gros-oeuvre/isolation-et-cloison/panneau-bois-et-dalle-de-plancher/tablette-bois
,Colle bois et joint de finition,Panneau bois et dalle de plancher,https://www.bricodepot.fr/produits/materiau-et-gros-oeuvre/isolation-et-cloison/panneau-bois-et-dalle-de-plancher/colle-bois-et-joint-de-finition
,Outillage du menuisier,Panneau bois et dalle de plancher,https://www.bricodepot.fr/produits/materiau-et-gros-oeuvre/isolation-et-cloison/panneau-bois-et-dalle-de-plancher/outillage-du-menuisier
,Carreaux de plâtre,Cloison et armature,https://www.bricodepot.fr/produits/materiau-et-gros-oeuvre/isolation-et-cloison/cloison-et-armature/carreaux-de-platre
,Plâtre,Cloison et armature,https://www.bricodepot.fr/produits/materiau-et-gros-oeuvre/isolation-et-cloison/cloison-et-armature/platre
,Accessoire de cloisonnement,Cloison et armature,https://www.bricodepot.fr/produits/materiau-et-gros-oeuvre/isolation-et-cloison/cloison-et-armature/accessoire-de-cloisonnement
,Trappe de visite,Cloison et armature,https://www.bricodepot.fr/produits/materiau-et-gros-oeuvre/isolation-et-cloison/cloison-et-armature/trappe-de-visite
,Panneau d'agencement,Cloison et armature,https://www.bricodepot.fr/produits/materiau-et-gros-oeuvre/isolation-et-cloison/cloison-et-armature/panneau-d-agencement
,Brique de verre,Cloison et armature,https://www.bricodepot.fr/produits/materiau-et-gros-oeuvre/isolation-et-cloison/cloison-et-armature/brique-de-verre
,Enduit intérieur,Cloison et armature,https://www.bricodepot.fr/produits/materiau-et-gros-oeuvre/isolation-et-cloison/cloison-et-armature/enduit-interieur
,Mortier adhésif,Cloison et armature,https://www.bricodepot.fr/produits/materiau-et-gros-oeuvre/isolation-et-cloison/cloison-et-armature/mortier-adhesif
,Verre synthétique,Cloison et armature,https://www.bricodepot.fr/produits/materiau-et-gros-oeuvre/isolation-et-cloison/cloison-et-armature/verre-synthetique
,Isolation de mur et cloisons,Cloison et armature,https://www.bricodepot.fr/produits/materiau-et-gros-oeuvre/isolation-et-cloison/cloison-et-armature/isolation-de-mur-et-cloisons
,Outillage du plaquiste,Cloison et armature,https://www.bricodepot.fr/produits/materiau-et-gros-oeuvre/isolation-et-cloison/cloison-et-armature/outillage-du-plaquiste
,Cloison amovible modulaire,Cloison et armature,https://www.bricodepot.fr/produits/materiau-et-gros-oeuvre/isolation-et-cloison/cloison-et-armature/cloison-amovible-modulaire
,Placoplâtre,Cloison et armature,https://www.bricodepot.fr/produits/materiau-et-gros-oeuvre/isolation-et-cloison/cloison-et-armature/placoplatre
,Ouate de cellulose,Isolation de la maison,https://www.bricodepot.fr/produits/materiau-et-gros-oeuvre/isolation-et-cloison/isolation-de-la-maison/ouate-de-cellulose
,Isolant mince,Isolation de la maison,https://www.bricodepot.fr/produits/materiau-et-gros-oeuvre/isolation-et-cloison/isolation-de-la-maison/isolant-mince
,Isolant polyuréthane,Isolation de la maison,https://www.bricodepot.fr/produits/materiau-et-gros-oeuvre/isolation-et-cloison/isolation-de-la-maison/isolant-polyurethane
,Isolant polystyrène,Isolation de la maison,https://www.bricodepot.fr/produits/materiau-et-gros-oeuvre/isolation-et-cloison/isolation-de-la-maison/isolant-polystyrene
,Isolant phonique,Isolation de la maison,https://www.bricodepot.fr/produits/materiau-et-gros-oeuvre/isolation-et-cloison/isolation-de-la-maison/isolant-phonique
,Isolation des ouvertures,Isolation de la maison,https://www.bricodepot.fr/produits/materiau-et-gros-oeuvre/isolation-et-cloison/isolation-de-la-maison/isolation-des-ouvertures
,Isolant divers,Isolation de la maison,https://www.bricodepot.fr/produits/materiau-et-gros-oeuvre/isolation-et-cloison/isolation-de-la-maison/isolant-divers
,Mousse polyuréthane,Isolation de la maison,https://www.bricodepot.fr/produits/materiau-et-gros-oeuvre/isolation-et-cloison/isolation-de-la-maison/mousse-polyurethane
,Accessoire isolation,Isolation de la maison,https://www.bricodepot.fr/produits/materiau-et-gros-oeuvre/isolation-et-cloison/isolation-de-la-maison/accessoire-isolation
,Vis et tirefond,"Clouterie, visserie et boulonnerie",https://www.bricodepot.fr/produits/quincaillerie/quincaillerie-et-fixation/clouterie-visserie-et-boulonnerie/vis-et-tirefond
,"Clou, pointe et crochet","Clouterie, visserie et boulonnerie",https://www.bricodepot.fr/produits/quincaillerie/quincaillerie-et-fixation/clouterie-visserie-et-boulonnerie/clou-pointe-et-crochet
,Tige filetée et manchon,"Clouterie, visserie et boulonnerie",https://www.bricodepot.fr/produits/quincaillerie/quincaillerie-et-fixation/clouterie-visserie-et-boulonnerie/tige-filetee-et-manchon
,Ecrou et rondelle,"Clouterie, visserie et boulonnerie",https://www.bricodepot.fr/produits/quincaillerie/quincaillerie-et-fixation/clouterie-visserie-et-boulonnerie/ecrou-et-rondelle
,Boulon,"Clouterie, visserie et boulonnerie",https://www.bricodepot.fr/produits/quincaillerie/quincaillerie-et-fixation/clouterie-visserie-et-boulonnerie/boulon
,Modèle de cuisine,Meuble et aménagement de cuisine sur mesure,https://www.bricodepot.fr/produits/cuisine/meuble-et-amenagement-de-cuisine-sur-mesure/modele-de-cuisine
,Meuble de cuisine,Meuble et aménagement de cuisine sur mesure,https://www.bricodepot.fr/produits/cuisine/meuble-et-amenagement-de-cuisine-sur-mesure/meuble-de-cuisine
,Plan de travail et accessoires,Meuble et aménagement de cuisine sur mesure,https://www.bricodepot.fr/produits/cuisine/meuble-et-amenagement-de-cuisine-sur-mesure/plan-de-travail-et-accessoires
,Crédence et fond de hotte,Meuble et aménagement de cuisine sur mesure,https://www.bricodepot.fr/produits/cuisine/meuble-et-amenagement-de-cuisine-sur-mesure/credence-et-fond-de-hotte
,Rangement et accessoires de cuisine,Meuble et aménagement de cuisine sur mesure,https://www.bricodepot.fr/produits/cuisine/meuble-et-amenagement-de-cuisine-sur-mesure/rangement-et-accessoires-de-cuisine
,Finition de cuisine,Meuble et aménagement de cuisine sur mesure,https://www.bricodepot.fr/produits/cuisine/meuble-et-amenagement-de-cuisine-sur-mesure/finition-de-cuisine
,Radiateur de salle de bain,"Chauffage, plomberie et accessoire de salle de bain",https://www.bricodepot.fr/produits/salle-de-bain-et-wc/chauffage-plomberie-et-accessoire-de-salle-de-bain/radiateur-de-salle-de-bain
,Plomberie de salle de bain et WC,"Chauffage, plomberie et accessoire de salle de bain",https://www.bricodepot.fr/produits/salle-de-bain-et-wc/chauffage-plomberie-et-accessoire-de-salle-de-bain/plomberie-de-salle-de-bain-et-wc
,Luminaire de salle de bain,"Chauffage, plomberie et accessoire de salle de bain",https://www.bricodepot.fr/produits/salle-de-bain-et-wc/chauffage-plomberie-et-accessoire-de-salle-de-bain/luminaire-de-salle-de-bain
,Douche,"Douche, baignoire et wc",https://www.bricodepot.fr/produits/salle-de-bain-et-wc/douche-baignoire-et-wc/douche
,Baignoire et balnéo,"Douche, baignoire et wc",https://www.bricodepot.fr/produits/salle-de-bain-et-wc/douche-baignoire-et-wc/baignoire-et-balneo
,"WC, broyeur et accessoire","Douche, baignoire et wc",https://www.bricodepot.fr/produits/salle-de-bain-et-wc/douche-baignoire-et-wc/wc-broyeur-et-accessoire
,Meuble et rangement de salle de bain,Meuble et vasque de salle de bain,https://www.bricodepot.fr/produits/salle-de-bain-et-wc/meuble-et-vasque-de-salle-de-bain/meuble-et-rangement-de-salle-de-bain
,Lavabo et vasque,Meuble et vasque de salle de bain,https://www.bricodepot.fr/produits/salle-de-bain-et-wc/meuble-et-vasque-de-salle-de-bain/lavabo-et-vasque
,Miroir de salle de bain,Meuble et vasque de salle de bain,https://www.bricodepot.fr/produits/salle-de-bain-et-wc/meuble-et-vasque-de-salle-de-bain/miroir-de-salle-de-bain
,Robinetterie de salle de bain,Meuble et vasque de salle de bain,https://www.bricodepot.fr/produits/salle-de-bain-et-wc/meuble-et-vasque-de-salle-de-bain/robinetterie-de-salle-de-bain
,Accessoire de salle de bain,Meuble et vasque de salle de bain,https://www.bricodepot.fr/produits/salle-de-bain-et-wc/meuble-et-vasque-de-salle-de-bain/accessoire-de-salle-de-bain
,Kit dressing,Dressing et aménagement placard,https://www.bricodepot.fr/produits/dressing-et-rangement/dressing-et-amenagement-placard/kit-dressing
,"Dressing modulable, à composer",Dressing et aménagement placard,https://www.bricodepot.fr/produits/dressing-et-rangement/dressing-et-amenagement-placard/dressing-modulable-a-composer
,Aménagement dressing et accessoire,Dressing et aménagement placard,https://www.bricodepot.fr/produits/dressing-et-rangement/dressing-et-amenagement-placard/amenagement-dressing-et-accessoire
,placard encastré,Dressing et aménagement placard,https://www.bricodepot.fr/produits/dressing-et-rangement/dressing-et-amenagement-placard/placard-encastre
,Abri et rangement,Aménager le jardin,https://www.bricodepot.fr/produits/terrasse-et-jardin/amenager-le-jardin/abri-et-rangement
,"Portail, portillon et clôture",Aménager le jardin,https://www.bricodepot.fr/produits/terrasse-et-jardin/amenager-le-jardin/portail-portillon-et-cloture
,"Terrasse, allée, revêtement",Aménager le jardin,https://www.bricodepot.fr/produits/terrasse-et-jardin/amenager-le-jardin/terrasse-allee-revetement
,Façade,Aménager le jardin,https://www.bricodepot.fr/produits/terrasse-et-jardin/amenager-le-jardin/facade
,Eclairage du jardin,Aménager le jardin,https://www.bricodepot.fr/produits/terrasse-et-jardin/amenager-le-jardin/eclairage-du-jardin
,Peinture sol extérieur,Aménager le jardin,https://www.bricodepot.fr/produits/terrasse-et-jardin/amenager-le-jardin/peinture-sol-exterieur
,Mobilier de jardin,Profiter du jardin,https://www.bricodepot.fr/produits/terrasse-et-jardin/profiter-du-jardin/mobilier-de-jardin
,"Store banne, pergola, barnum",Profiter du jardin,https://www.bricodepot.fr/produits/terrasse-et-jardin/profiter-du-jardin/store-banne-pergola-barnum
,Loisir extérieur,Profiter du jardin,https://www.bricodepot.fr/produits/terrasse-et-jardin/profiter-du-jardin/loisir-exterieur
,Bois de charpente et ossature bois,Toiture et façade,https://www.bricodepot.fr/produits/materiau-et-gros-oeuvre/toiture-et-facade/bois-de-charpente-et-ossature-bois
,Couverture et toiture,Toiture et façade,https://www.bricodepot.fr/produits/materiau-et-gros-oeuvre/toiture-et-facade/couverture-et-toiture
,Façade et bardage,Toiture et façade,https://www.bricodepot.fr/produits/materiau-et-gros-oeuvre/toiture-et-facade/facade-et-bardage
,Matériau de construction,Gros œuvre et évacuation des eaux,https://www.bricodepot.fr/produits/materiau-et-gros-oeuvre/gros-oeuvre-et-evacuation-des-eaux/materiau-de-construction
,"Ciment, mortier et béton",Gros œuvre et évacuation des eaux,https://www.bricodepot.fr/produits/materiau-et-gros-oeuvre/gros-oeuvre-et-evacuation-des-eaux/ciment-mortier-et-beton
,Matériel de chantier,Gros œuvre et évacuation des eaux,https://www.bricodepot.fr/produits/materiau-et-gros-oeuvre/gros-oeuvre-et-evacuation-des-eaux/materiel-de-chantier
,Evacuation des eaux de pluie,Gros œuvre et évacuation des eaux,https://www.bricodepot.fr/produits/materiau-et-gros-oeuvre/gros-oeuvre-et-evacuation-des-eaux/evacuation-des-eaux-de-pluie
,Evacuation des eaux usées,Gros œuvre et évacuation des eaux,https://www.bricodepot.fr/produits/materiau-et-gros-oeuvre/gros-oeuvre-et-evacuation-des-eaux/evacuation-des-eaux-usees
,Combustible,Chauffage bois et énergie alternative,https://www.bricodepot.fr/produits/chauffage-clim-et-ventilation/chauffage-bois-et-energie-alternative/combustible
,"Poêle, cheminée et accessoire",Chauffage bois et énergie alternative,https://www.bricodepot.fr/produits/chauffage-clim-et-ventilation/chauffage-bois-et-energie-alternative/poele-cheminee-et-accessoire
,Pompe à chaleur,Chauffage bois et énergie alternative,https://www.bricodepot.fr/produits/chauffage-clim-et-ventilation/chauffage-bois-et-energie-alternative/pompe-a-chaleur
,Spot salle de bain,Luminaire de salle de bain,https://www.bricodepot.fr/produits/salle-de-bain-et-wc/chauffage-plomberie-et-accessoire-de-salle-de-bain/luminaire-de-salle-de-bain/spot-salle-de-bain
,Applique murale salle de bain,Luminaire de salle de bain,https://www.bricodepot.fr/produits/salle-de-bain-et-wc/chauffage-plomberie-et-accessoire-de-salle-de-bain/luminaire-de-salle-de-bain/applique-murale-salle-de-bain
,Reglette salle de bain,Luminaire de salle de bain,https://www.bricodepot.fr/produits/salle-de-bain-et-wc/chauffage-plomberie-et-accessoire-de-salle-de-bain/luminaire-de-salle-de-bain/reglette-salle-de-bain
,Plafonnier salle de bain,Luminaire de salle de bain,https://www.bricodepot.fr/produits/salle-de-bain-et-wc/chauffage-plomberie-et-accessoire-de-salle-de-bain/luminaire-de-salle-de-bain/plafonnier-salle-de-bain
,WC à poser,"WC, broyeur et accessoire",https://www.bricodepot.fr/produits/salle-de-bain-et-wc/douche-baignoire-et-wc/wc-broyeur-et-accessoire/wc-a-poser
,WC suspendu,"WC, broyeur et accessoire",https://www.bricodepot.fr/produits/salle-de-bain-et-wc/douche-baignoire-et-wc/wc-broyeur-et-accessoire/wc-suspendu
,Broyeur,"WC, broyeur et accessoire",https://www.bricodepot.fr/produits/salle-de-bain-et-wc/douche-baignoire-et-wc/wc-broyeur-et-accessoire/broyeur
,Abattant WC,"WC, broyeur et accessoire",https://www.bricodepot.fr/produits/salle-de-bain-et-wc/douche-baignoire-et-wc/wc-broyeur-et-accessoire/abattant-wc
,Accessoire WC,"WC, broyeur et accessoire",https://www.bricodepot.fr/produits/salle-de-bain-et-wc/douche-baignoire-et-wc/wc-broyeur-et-accessoire/accessoire-wc
,Meuble WC,"WC, broyeur et accessoire",https://www.bricodepot.fr/produits/salle-de-bain-et-wc/douche-baignoire-et-wc/wc-broyeur-et-accessoire/meuble-wc
,Robinet WC,"WC, broyeur et accessoire",https://www.bricodepot.fr/produits/salle-de-bain-et-wc/douche-baignoire-et-wc/wc-broyeur-et-accessoire/robinet-wc
,Chasse d'eau,"WC, broyeur et accessoire",https://www.bricodepot.fr/produits/salle-de-bain-et-wc/douche-baignoire-et-wc/wc-broyeur-et-accessoire/chasse-d-eau
,Détartrant et déboucheur WC,"WC, broyeur et accessoire",https://www.bricodepot.fr/produits/salle-de-bain-et-wc/douche-baignoire-et-wc/wc-broyeur-et-accessoire/detartrant-et-deboucheur-wc
,Piscine auto-portée,Loisir extérieur,https://www.bricodepot.fr/produits/terrasse-et-jardin/profiter-du-jardin/loisir-exterieur/piscine-auto-portee
,Spa gonflable,Loisir extérieur,https://www.bricodepot.fr/produits/terrasse-et-jardin/profiter-du-jardin/loisir-exterieur/spa-gonflable
,Brasero,Loisir extérieur,https://www.bricodepot.fr/produits/terrasse-et-jardin/profiter-du-jardin/loisir-exterieur/brasero
,Barbecue,Loisir extérieur,https://www.bricodepot.fr/produits/terrasse-et-jardin/profiter-du-jardin/loisir-exterieur/barbecue
,Accessoire de barbecue,Loisir extérieur,https://www.bricodepot.fr/produits/terrasse-et-jardin/profiter-du-jardin/loisir-exterieur/accessoire-de-barbecue
,Produit entretien piscine,Loisir extérieur,https://www.bricodepot.fr/produits/terrasse-et-jardin/profiter-du-jardin/loisir-exterieur/produit-entretien-piscine
,Robot piscine electrique,Loisir extérieur,https://www.bricodepot.fr/produits/terrasse-et-jardin/profiter-du-jardin/loisir-exterieur/robot-piscine-electrique
,Douche extérieure,Loisir extérieur,https://www.bricodepot.fr/produits/terrasse-et-jardin/profiter-du-jardin/loisir-exterieur/douche-exterieure
,Pergola,"Store banne, pergola, barnum",https://www.bricodepot.fr/produits/terrasse-et-jardin/profiter-du-jardin/store-banne-pergola-barnum/pergola
,Barnum,"Store banne, pergola, barnum",https://www.bricodepot.fr/produits/terrasse-et-jardin/profiter-du-jardin/store-banne-pergola-barnum/barnum
,Carport,"Store banne, pergola, barnum",https://www.bricodepot.fr/produits/terrasse-et-jardin/profiter-du-jardin/store-banne-pergola-barnum/carport
,Parasol,"Store banne, pergola, barnum",https://www.bricodepot.fr/produits/terrasse-et-jardin/profiter-du-jardin/store-banne-pergola-barnum/parasol
,Store banne,"Store banne, pergola, barnum",https://www.bricodepot.fr/produits/terrasse-et-jardin/profiter-du-jardin/store-banne-pergola-barnum/store-banne
,Tonnelle,"Store banne, pergola, barnum",https://www.bricodepot.fr/produits/terrasse-et-jardin/profiter-du-jardin/store-banne-pergola-barnum/tonnelle
,Chaise de jardin,Mobilier de jardin,https://www.bricodepot.fr/produits/terrasse-et-jardin/profiter-du-jardin/mobilier-de-jardin/chaise-de-jardin
,Table de jardin,Mobilier de jardin,https://www.bricodepot.fr/produits/terrasse-et-jardin/profiter-du-jardin/mobilier-de-jardin/table-de-jardin
,Salon de jardin,Mobilier de jardin,https://www.bricodepot.fr/produits/terrasse-et-jardin/profiter-du-jardin/mobilier-de-jardin/salon-de-jardin
,"Bain de soleil, transat, hamac",Mobilier de jardin,https://www.bricodepot.fr/produits/terrasse-et-jardin/profiter-du-jardin/mobilier-de-jardin/bain-de-soleil-transat-hamac
,Fauteuil de jardin,Mobilier de jardin,https://www.bricodepot.fr/produits/terrasse-et-jardin/profiter-du-jardin/mobilier-de-jardin/fauteuil-de-jardin
,Accessoire mobilier de jardin,Mobilier de jardin,https://www.bricodepot.fr/produits/terrasse-et-jardin/profiter-du-jardin/mobilier-de-jardin/accessoire-mobilier-de-jardin
,Poubelle d'extérieur,Mobilier de jardin,https://www.bricodepot.fr/produits/terrasse-et-jardin/profiter-du-jardin/mobilier-de-jardin/poubelle-d-exterieur
,Lame de terrasse bois,"Terrasse, allée, revêtement",https://www.bricodepot.fr/produits/terrasse-et-jardin/amenager-le-jardin/terrasse-allee-revetement/lame-de-terrasse-bois
,Lame de terrasse composite,"Terrasse, allée, revêtement",https://www.bricodepot.fr/produits/terrasse-et-jardin/amenager-le-jardin/terrasse-allee-revetement/lame-de-terrasse-composite
,Dalle bois,"Terrasse, allée, revêtement",https://www.bricodepot.fr/produits/terrasse-et-jardin/amenager-le-jardin/terrasse-allee-revetement/dalle-bois
,Dalle béton,"Terrasse, allée, revêtement",https://www.bricodepot.fr/produits/terrasse-et-jardin/amenager-le-jardin/terrasse-allee-revetement/dalle-beton
,Carrelage terrasse,"Terrasse, allée, revêtement",https://www.bricodepot.fr/produits/terrasse-et-jardin/amenager-le-jardin/terrasse-allee-revetement/carrelage-terrasse
,Dalle terrasse,"Terrasse, allée, revêtement",https://www.bricodepot.fr/produits/terrasse-et-jardin/amenager-le-jardin/terrasse-allee-revetement/dalle-terrasse
,Accessoire terrasse,"Terrasse, allée, revêtement",https://www.bricodepot.fr/produits/terrasse-et-jardin/amenager-le-jardin/terrasse-allee-revetement/accessoire-terrasse
,Bordure béton,"Terrasse, allée, revêtement",https://www.bricodepot.fr/produits/terrasse-et-jardin/amenager-le-jardin/terrasse-allee-revetement/bordure-beton
,Gravier allée,"Terrasse, allée, revêtement",https://www.bricodepot.fr/produits/terrasse-et-jardin/amenager-le-jardin/terrasse-allee-revetement/gravier-allee
,Ecorce,"Terrasse, allée, revêtement",https://www.bricodepot.fr/produits/terrasse-et-jardin/amenager-le-jardin/terrasse-allee-revetement/ecorce
,Bardage,Façade et bardage,https://www.bricodepot.fr/produits/materiau-et-gros-oeuvre/toiture-et-facade/facade-et-bardage/bardage
,Accessoire de bardage,Façade et bardage,https://www.bricodepot.fr/produits/materiau-et-gros-oeuvre/toiture-et-facade/facade-et-bardage/accessoire-de-bardage
,Enduit de façade,Façade et bardage,https://www.bricodepot.fr/produits/materiau-et-gros-oeuvre/toiture-et-facade/facade-et-bardage/enduit-de-facade
,Peinture mur extérieur,Façade et bardage,https://www.bricodepot.fr/produits/materiau-et-gros-oeuvre/toiture-et-facade/facade-et-bardage/peinture-mur-exterieur
,Crépi façade,Façade et bardage,https://www.bricodepot.fr/produits/materiau-et-gros-oeuvre/toiture-et-facade/facade-et-bardage/crepi-facade
,Mastic extérieur,Façade et bardage,https://www.bricodepot.fr/produits/materiau-et-gros-oeuvre/toiture-et-facade/facade-et-bardage/mastic-exterieur
,Etanchéité mur extérieur,Façade et bardage,https://www.bricodepot.fr/produits/materiau-et-gros-oeuvre/toiture-et-facade/facade-et-bardage/etancheite-mur-exterieur
,Fosse septique,Evacuation des eaux usées,https://www.bricodepot.fr/produits/materiau-et-gros-oeuvre/gros-oeuvre-et-evacuation-des-eaux/evacuation-des-eaux-usees/fosse-septique
,Epandage,Evacuation des eaux usées,https://www.bricodepot.fr/produits/materiau-et-gros-oeuvre/gros-oeuvre-et-evacuation-des-eaux/evacuation-des-eaux-usees/epandage
,Regard,Evacuation des eaux usées,https://www.bricodepot.fr/produits/materiau-et-gros-oeuvre/gros-oeuvre-et-evacuation-des-eaux/evacuation-des-eaux-usees/regard
,Tout à l'égout,Evacuation des eaux usées,https://www.bricodepot.fr/produits/materiau-et-gros-oeuvre/gros-oeuvre-et-evacuation-des-eaux/evacuation-des-eaux-usees/tout-a-l-egout
,Récupérateur d'eau,Evacuation des eaux de pluie,https://www.bricodepot.fr/produits/materiau-et-gros-oeuvre/gros-oeuvre-et-evacuation-des-eaux/evacuation-des-eaux-de-pluie/recuperateur-d-eau
,Gouttière PVC,Evacuation des eaux de pluie,https://www.bricodepot.fr/produits/materiau-et-gros-oeuvre/gros-oeuvre-et-evacuation-des-eaux/evacuation-des-eaux-de-pluie/gouttiere-pvc
,Gouttière zinc,Evacuation des eaux de pluie,https://www.bricodepot.fr/produits/materiau-et-gros-oeuvre/gros-oeuvre-et-evacuation-des-eaux/evacuation-des-eaux-de-pluie/gouttiere-zinc
,Accessoire gouttière,Evacuation des eaux de pluie,https://www.bricodepot.fr/produits/materiau-et-gros-oeuvre/gros-oeuvre-et-evacuation-des-eaux/evacuation-des-eaux-de-pluie/accessoire-gouttiere
,Caniveau,Evacuation des eaux de pluie,https://www.bricodepot.fr/produits/materiau-et-gros-oeuvre/gros-oeuvre-et-evacuation-des-eaux/evacuation-des-eaux-de-pluie/caniveau
,"Regard, siphon et grille",Evacuation des eaux de pluie,https://www.bricodepot.fr/produits/materiau-et-gros-oeuvre/gros-oeuvre-et-evacuation-des-eaux/evacuation-des-eaux-de-pluie/regard-siphon-et-grille
,Echafaudage,Matériel de chantier,https://www.bricodepot.fr/produits/materiau-et-gros-oeuvre/gros-oeuvre-et-evacuation-des-eaux/materiel-de-chantier/echafaudage
,Echelles,Matériel de chantier,https://www.bricodepot.fr/produits/materiau-et-gros-oeuvre/gros-oeuvre-et-evacuation-des-eaux/materiel-de-chantier/echelles
,Escabeau,Matériel de chantier,https://www.bricodepot.fr/produits/materiau-et-gros-oeuvre/gros-oeuvre-et-evacuation-des-eaux/materiel-de-chantier/escabeau
,Tréteau et Etai,Matériel de chantier,https://www.bricodepot.fr/produits/materiau-et-gros-oeuvre/gros-oeuvre-et-evacuation-des-eaux/materiel-de-chantier/treteau-et-etai
,Bétonnière,Matériel de chantier,https://www.bricodepot.fr/produits/materiau-et-gros-oeuvre/gros-oeuvre-et-evacuation-des-eaux/materiel-de-chantier/betonniere
,Brouette,Matériel de chantier,https://www.bricodepot.fr/produits/materiau-et-gros-oeuvre/gros-oeuvre-et-evacuation-des-eaux/materiel-de-chantier/brouette
,Remorque,Matériel de chantier,https://www.bricodepot.fr/produits/materiau-et-gros-oeuvre/gros-oeuvre-et-evacuation-des-eaux/materiel-de-chantier/remorque
,Groupe électrogène et accessoire,Matériel de chantier,https://www.bricodepot.fr/produits/materiau-et-gros-oeuvre/gros-oeuvre-et-evacuation-des-eaux/materiel-de-chantier/groupe-electrogene-et-accessoire
,Signalisation chantier,Matériel de chantier,https://www.bricodepot.fr/produits/materiau-et-gros-oeuvre/gros-oeuvre-et-evacuation-des-eaux/materiel-de-chantier/signalisation-chantier
,Compresseur et accessoire,Matériel de chantier,https://www.bricodepot.fr/produits/materiau-et-gros-oeuvre/gros-oeuvre-et-evacuation-des-eaux/materiel-de-chantier/compresseur-et-accessoire
,"Sable, gravier et mélange béton","Ciment, mortier et béton",https://www.bricodepot.fr/produits/materiau-et-gros-oeuvre/gros-oeuvre-et-evacuation-des-eaux/ciment-mortier-et-beton/sable-gravier-et-melange-beton
,Mortier,"Ciment, mortier et béton",https://www.bricodepot.fr/produits/materiau-et-gros-oeuvre/gros-oeuvre-et-evacuation-des-eaux/ciment-mortier-et-beton/mortier
,Béton,"Ciment, mortier et béton",https://www.bricodepot.fr/produits/materiau-et-gros-oeuvre/gros-oeuvre-et-evacuation-des-eaux/ciment-mortier-et-beton/beton
,Ciment,"Ciment, mortier et béton",https://www.bricodepot.fr/produits/materiau-et-gros-oeuvre/gros-oeuvre-et-evacuation-des-eaux/ciment-mortier-et-beton/ciment
,Ragréage,"Ciment, mortier et béton",https://www.bricodepot.fr/produits/materiau-et-gros-oeuvre/gros-oeuvre-et-evacuation-des-eaux/ciment-mortier-et-beton/ragreage
,Adjuvant,"Ciment, mortier et béton",https://www.bricodepot.fr/produits/materiau-et-gros-oeuvre/gros-oeuvre-et-evacuation-des-eaux/ciment-mortier-et-beton/adjuvant
,Planche de coffrage,"Ciment, mortier et béton",https://www.bricodepot.fr/produits/materiau-et-gros-oeuvre/gros-oeuvre-et-evacuation-des-eaux/ciment-mortier-et-beton/planche-de-coffrage
,Chaux,"Ciment, mortier et béton",https://www.bricodepot.fr/produits/materiau-et-gros-oeuvre/gros-oeuvre-et-evacuation-des-eaux/ciment-mortier-et-beton/chaux
,Parpaing,Matériau de construction,https://www.bricodepot.fr/produits/materiau-et-gros-oeuvre/gros-oeuvre-et-evacuation-des-eaux/materiau-de-construction/parpaing
,Béton cellulaire,Matériau de construction,https://www.bricodepot.fr/produits/materiau-et-gros-oeuvre/gros-oeuvre-et-evacuation-des-eaux/materiau-de-construction/beton-cellulaire
,Armature et ferraillage,Matériau de construction,https://www.bricodepot.fr/produits/materiau-et-gros-oeuvre/gros-oeuvre-et-evacuation-des-eaux/materiau-de-construction/armature-et-ferraillage
,Outillage du maçon,Matériau de construction,https://www.bricodepot.fr/produits/materiau-et-gros-oeuvre/gros-oeuvre-et-evacuation-des-eaux/materiau-de-construction/outillage-du-macon
,Plaque toiture acier,Couverture et toiture,https://www.bricodepot.fr/produits/materiau-et-gros-oeuvre/toiture-et-facade/couverture-et-toiture/plaque-toiture-acier
,Plaque toiture polycarbonate,Couverture et toiture,https://www.bricodepot.fr/produits/materiau-et-gros-oeuvre/toiture-et-facade/couverture-et-toiture/plaque-toiture-polycarbonate
,Plaque toiture PVC,Couverture et toiture,https://www.bricodepot.fr/produits/materiau-et-gros-oeuvre/toiture-et-facade/couverture-et-toiture/plaque-toiture-pvc
,Bardeau bitumé,Couverture et toiture,https://www.bricodepot.fr/produits/materiau-et-gros-oeuvre/toiture-et-facade/couverture-et-toiture/bardeau-bitume
,Tuile et ardoise,Couverture et toiture,https://www.bricodepot.fr/produits/materiau-et-gros-oeuvre/toiture-et-facade/couverture-et-toiture/tuile-et-ardoise
,Accessoire de couverture,Couverture et toiture,https://www.bricodepot.fr/produits/materiau-et-gros-oeuvre/toiture-et-facade/couverture-et-toiture/accessoire-de-couverture
,Fixation,Couverture et toiture,https://www.bricodepot.fr/produits/materiau-et-gros-oeuvre/toiture-et-facade/couverture-et-toiture/fixation
,"Ecran sous-toiture, pare-vapeur, bande étanchéité",Couverture et toiture,https://www.bricodepot.fr/produits/materiau-et-gros-oeuvre/toiture-et-facade/couverture-et-toiture/ecran-sous-toiture-pare-vapeur-bande-etancheite
,Isolation de la toiture,Couverture et toiture,https://www.bricodepot.fr/produits/materiau-et-gros-oeuvre/toiture-et-facade/couverture-et-toiture/isolation-de-la-toiture
,Outillage du couvreur,Couverture et toiture,https://www.bricodepot.fr/produits/materiau-et-gros-oeuvre/toiture-et-facade/couverture-et-toiture/outillage-du-couvreur
,Bacacier,Couverture et toiture,https://www.bricodepot.fr/produits/materiau-et-gros-oeuvre/toiture-et-facade/couverture-et-toiture/bacacier
,Voliges,Bois de charpente et ossature bois,https://www.bricodepot.fr/produits/materiau-et-gros-oeuvre/toiture-et-facade/bois-de-charpente-et-ossature-bois/voliges
,Planches,Bois de charpente et ossature bois,https://www.bricodepot.fr/produits/materiau-et-gros-oeuvre/toiture-et-facade/bois-de-charpente-et-ossature-bois/planches
,Chevrons,Bois de charpente et ossature bois,https://www.bricodepot.fr/produits/materiau-et-gros-oeuvre/toiture-et-facade/bois-de-charpente-et-ossature-bois/chevrons
,Bastaings,Bois de charpente et ossature bois,https://www.bricodepot.fr/produits/materiau-et-gros-oeuvre/toiture-et-facade/bois-de-charpente-et-ossature-bois/bastaings
,"Latte, liteau",Bois de charpente et ossature bois,https://www.bricodepot.fr/produits/materiau-et-gros-oeuvre/toiture-et-facade/bois-de-charpente-et-ossature-bois/latte-liteau
,Madriers,Bois de charpente et ossature bois,https://www.bricodepot.fr/produits/materiau-et-gros-oeuvre/toiture-et-facade/bois-de-charpente-et-ossature-bois/madriers
,Solivettes,Bois de charpente et ossature bois,https://www.bricodepot.fr/produits/materiau-et-gros-oeuvre/toiture-et-facade/bois-de-charpente-et-ossature-bois/solivettes
,Connecteur de batîment,Bois de charpente et ossature bois,https://www.bricodepot.fr/produits/materiau-et-gros-oeuvre/toiture-et-facade/bois-de-charpente-et-ossature-bois/connecteur-de-batiment
,Traitement du bois,Bois de charpente et ossature bois,https://www.bricodepot.fr/produits/materiau-et-gros-oeuvre/toiture-et-facade/bois-de-charpente-et-ossature-bois/traitement-du-bois
,Outillage du charpentier,Bois de charpente et ossature bois,https://www.bricodepot.fr/produits/materiau-et-gros-oeuvre/toiture-et-facade/bois-de-charpente-et-ossature-bois/outillage-du-charpentier
,Grillage,"Portail, portillon et clôture",https://www.bricodepot.fr/produits/terrasse-et-jardin/amenager-le-jardin/portail-portillon-et-cloture/grillage
,Brise vue jardin,"Portail, portillon et clôture",https://www.bricodepot.fr/produits/terrasse-et-jardin/amenager-le-jardin/portail-portillon-et-cloture/brise-vue-jardin
,Gabion,"Portail, portillon et clôture",https://www.bricodepot.fr/produits/terrasse-et-jardin/amenager-le-jardin/portail-portillon-et-cloture/gabion
,Portillon,"Portail, portillon et clôture",https://www.bricodepot.fr/produits/terrasse-et-jardin/amenager-le-jardin/portail-portillon-et-cloture/portillon
,Portail à petit prix,"Portail, portillon et clôture",https://www.bricodepot.fr/produits/terrasse-et-jardin/amenager-le-jardin/portail-portillon-et-cloture/portail-a-petit-prix
,Motorisation portail,"Portail, portillon et clôture",https://www.bricodepot.fr/produits/terrasse-et-jardin/amenager-le-jardin/portail-portillon-et-cloture/motorisation-portail
,Pilier de portail,"Portail, portillon et clôture",https://www.bricodepot.fr/produits/terrasse-et-jardin/amenager-le-jardin/portail-portillon-et-cloture/pilier-de-portail
,Poteau grillage,"Portail, portillon et clôture",https://www.bricodepot.fr/produits/terrasse-et-jardin/amenager-le-jardin/portail-portillon-et-cloture/poteau-grillage
,Poteau clôture,"Portail, portillon et clôture",https://www.bricodepot.fr/produits/terrasse-et-jardin/amenager-le-jardin/portail-portillon-et-cloture/poteau-cloture
,Accessoire portail,"Portail, portillon et clôture",https://www.bricodepot.fr/produits/terrasse-et-jardin/amenager-le-jardin/portail-portillon-et-cloture/accessoire-portail
,Clôture,"Portail, portillon et clôture",https://www.bricodepot.fr/produits/terrasse-et-jardin/amenager-le-jardin/portail-portillon-et-cloture/cloture
,Abri de jardin,Abri et rangement,https://www.bricodepot.fr/produits/terrasse-et-jardin/amenager-le-jardin/abri-et-rangement/abri-de-jardin
,Coffre de jardin,Abri et rangement,https://www.bricodepot.fr/produits/terrasse-et-jardin/amenager-le-jardin/abri-et-rangement/coffre-de-jardin
,Armoire de jardin,Abri et rangement,https://www.bricodepot.fr/produits/terrasse-et-jardin/amenager-le-jardin/abri-et-rangement/armoire-de-jardin
,Panier placard,Aménagement dressing et accessoire,https://www.bricodepot.fr/produits/dressing-et-rangement/dressing-et-amenagement-placard/amenagement-dressing-et-accessoire/panier-placard
,Porte pantalon,Aménagement dressing et accessoire,https://www.bricodepot.fr/produits/dressing-et-rangement/dressing-et-amenagement-placard/amenagement-dressing-et-accessoire/porte-pantalon
,Porte chaussures,Aménagement dressing et accessoire,https://www.bricodepot.fr/produits/dressing-et-rangement/dressing-et-amenagement-placard/amenagement-dressing-et-accessoire/porte-chaussures
,Organisateur et séparateur de tiroir dressing,Aménagement dressing et accessoire,https://www.bricodepot.fr/produits/dressing-et-rangement/dressing-et-amenagement-placard/amenagement-dressing-et-accessoire/organisateur-et-separateur-de-tiroir-dressing
,Boite et sac de rangement dressing,Aménagement dressing et accessoire,https://www.bricodepot.fr/produits/dressing-et-rangement/dressing-et-amenagement-placard/amenagement-dressing-et-accessoire/boite-et-sac-de-rangement-dressing
,Portant vêtements,Aménagement dressing et accessoire,https://www.bricodepot.fr/produits/dressing-et-rangement/dressing-et-amenagement-placard/amenagement-dressing-et-accessoire/portant-vetements
,Tringle penderie,Aménagement dressing et accessoire,https://www.bricodepot.fr/produits/dressing-et-rangement/dressing-et-amenagement-placard/amenagement-dressing-et-accessoire/tringle-penderie
,Support penderie,Aménagement dressing et accessoire,https://www.bricodepot.fr/produits/dressing-et-rangement/dressing-et-amenagement-placard/amenagement-dressing-et-accessoire/support-penderie
,Cintre,Aménagement dressing et accessoire,https://www.bricodepot.fr/produits/dressing-et-rangement/dressing-et-amenagement-placard/amenagement-dressing-et-accessoire/cintre
,Porte-manteau mural,Aménagement dressing et accessoire,https://www.bricodepot.fr/produits/dressing-et-rangement/dressing-et-amenagement-placard/amenagement-dressing-et-accessoire/porte-manteau-mural
,Miroir dressing,Aménagement dressing et accessoire,https://www.bricodepot.fr/produits/dressing-et-rangement/dressing-et-amenagement-placard/amenagement-dressing-et-accessoire/miroir-dressing
,Eclairage dressing,Aménagement dressing et accessoire,https://www.bricodepot.fr/produits/dressing-et-rangement/dressing-et-amenagement-placard/amenagement-dressing-et-accessoire/eclairage-dressing
,Dressing à composer,"Dressing modulable, à composer",https://www.bricodepot.fr/produits/dressing-et-rangement/dressing-et-amenagement-placard/dressing-modulable-a-composer/dressing-a-composer
,Caisson dressing,"Dressing modulable, à composer",https://www.bricodepot.fr/produits/dressing-et-rangement/dressing-et-amenagement-placard/dressing-modulable-a-composer/caisson-dressing
,Tablette dressing,"Dressing modulable, à composer",https://www.bricodepot.fr/produits/dressing-et-rangement/dressing-et-amenagement-placard/dressing-modulable-a-composer/tablette-dressing
,Tiroir dressing,"Dressing modulable, à composer",https://www.bricodepot.fr/produits/dressing-et-rangement/dressing-et-amenagement-placard/dressing-modulable-a-composer/tiroir-dressing
,Porte placard,"Dressing modulable, à composer",https://www.bricodepot.fr/produits/dressing-et-rangement/dressing-et-amenagement-placard/dressing-modulable-a-composer/porte-placard
,Assemblage et fixations,"Dressing modulable, à composer",https://www.bricodepot.fr/produits/dressing-et-rangement/dressing-et-amenagement-placard/dressing-modulable-a-composer/assemblage-et-fixations
,Poignée porte placard,"Dressing modulable, à composer",https://www.bricodepot.fr/produits/dressing-et-rangement/dressing-et-amenagement-placard/dressing-modulable-a-composer/poignee-porte-placard
,Rangement dressing,"Dressing modulable, à composer",https://www.bricodepot.fr/produits/dressing-et-rangement/dressing-et-amenagement-placard/dressing-modulable-a-composer/rangement-dressing
,Modèle de salle de bain,Meuble et rangement de salle de bain,https://www.bricodepot.fr/produits/salle-de-bain-et-wc/meuble-et-vasque-de-salle-de-bain/meuble-et-rangement-de-salle-de-bain/modele-de-salle-de-bain
,Meuble de salle de bain,Meuble et rangement de salle de bain,https://www.bricodepot.fr/produits/salle-de-bain-et-wc/meuble-et-vasque-de-salle-de-bain/meuble-et-rangement-de-salle-de-bain/meuble-de-salle-de-bain
,Meuble lave-mains,Meuble et rangement de salle de bain,https://www.bricodepot.fr/produits/salle-de-bain-et-wc/meuble-et-vasque-de-salle-de-bain/meuble-et-rangement-de-salle-de-bain/meuble-lave-mains
,Meuble gain de place,Meuble et rangement de salle de bain,https://www.bricodepot.fr/produits/salle-de-bain-et-wc/meuble-et-vasque-de-salle-de-bain/meuble-et-rangement-de-salle-de-bain/meuble-gain-de-place
,Rangement mural,Meuble et rangement de salle de bain,https://www.bricodepot.fr/produits/salle-de-bain-et-wc/meuble-et-vasque-de-salle-de-bain/meuble-et-rangement-de-salle-de-bain/rangement-mural
,Colonne salle de bain,Meuble et rangement de salle de bain,https://www.bricodepot.fr/produits/salle-de-bain-et-wc/meuble-et-vasque-de-salle-de-bain/meuble-et-rangement-de-salle-de-bain/colonne-salle-de-bain
,Etagère salle de bain,Meuble et rangement de salle de bain,https://www.bricodepot.fr/produits/salle-de-bain-et-wc/meuble-et-vasque-de-salle-de-bain/meuble-et-rangement-de-salle-de-bain/etagere-salle-de-bain
,Baignoire,Baignoire et balnéo,https://www.bricodepot.fr/produits/salle-de-bain-et-wc/douche-baignoire-et-wc/baignoire-et-balneo/baignoire
,Baignoire îlot,Baignoire et balnéo,https://www.bricodepot.fr/produits/salle-de-bain-et-wc/douche-baignoire-et-wc/baignoire-et-balneo/baignoire-ilot
,Baignoire balnéo,Baignoire et balnéo,https://www.bricodepot.fr/produits/salle-de-bain-et-wc/douche-baignoire-et-wc/baignoire-et-balneo/baignoire-balneo
,Pare-baignoire,Baignoire et balnéo,https://www.bricodepot.fr/produits/salle-de-bain-et-wc/douche-baignoire-et-wc/baignoire-et-balneo/pare-baignoire
,Robinet baignoire,Baignoire et balnéo,https://www.bricodepot.fr/produits/salle-de-bain-et-wc/douche-baignoire-et-wc/baignoire-et-balneo/robinet-baignoire
,Cabine de douche,Douche,https://www.bricodepot.fr/produits/salle-de-bain-et-wc/douche-baignoire-et-wc/douche/cabine-de-douche
,Paroi de douche,Douche,https://www.bricodepot.fr/produits/salle-de-bain-et-wc/douche-baignoire-et-wc/douche/paroi-de-douche
,Porte de douche,Douche,https://www.bricodepot.fr/produits/salle-de-bain-et-wc/douche-baignoire-et-wc/douche/porte-de-douche
,Receveur de douche,Douche,https://www.bricodepot.fr/produits/salle-de-bain-et-wc/douche-baignoire-et-wc/douche/receveur-de-douche
,Colonne de douche,Douche,https://www.bricodepot.fr/produits/salle-de-bain-et-wc/douche-baignoire-et-wc/douche/colonne-de-douche
,Kit de douche,Douche,https://www.bricodepot.fr/produits/salle-de-bain-et-wc/douche-baignoire-et-wc/douche/kit-de-douche
,"Pommeau, flexible et accessoire de douche",Douche,https://www.bricodepot.fr/produits/salle-de-bain-et-wc/douche-baignoire-et-wc/douche/pommeau-flexible-et-accessoire-de-douche
,Plomberie de douche,Douche,https://www.bricodepot.fr/produits/salle-de-bain-et-wc/douche-baignoire-et-wc/douche/plomberie-de-douche
,Robinet de douche,Douche,https://www.bricodepot.fr/produits/salle-de-bain-et-wc/douche-baignoire-et-wc/douche/robinet-de-douche
,"Alimentation, raccord et joint WC et salle de bain",Plomberie de salle de bain et WC,https://www.bricodepot.fr/produits/salle-de-bain-et-wc/chauffage-plomberie-et-accessoire-de-salle-de-bain/plomberie-de-salle-de-bain-et-wc/alimentation-raccord-et-joint-wc-et-salle-de-bain
,Mécanisme WC,Plomberie de salle de bain et WC,https://www.bricodepot.fr/produits/salle-de-bain-et-wc/chauffage-plomberie-et-accessoire-de-salle-de-bain/plomberie-de-salle-de-bain-et-wc/mecanisme-wc
,Evacuation WC,Plomberie de salle de bain et WC,https://www.bricodepot.fr/produits/salle-de-bain-et-wc/chauffage-plomberie-et-accessoire-de-salle-de-bain/plomberie-de-salle-de-bain-et-wc/evacuation-wc
,Evacuation baignoire,Plomberie de salle de bain et WC,https://www.bricodepot.fr/produits/salle-de-bain-et-wc/chauffage-plomberie-et-accessoire-de-salle-de-bain/plomberie-de-salle-de-bain-et-wc/evacuation-baignoire
,Siphon et bonde,Plomberie de salle de bain et WC,https://www.bricodepot.fr/produits/salle-de-bain-et-wc/chauffage-plomberie-et-accessoire-de-salle-de-bain/plomberie-de-salle-de-bain-et-wc/siphon-et-bonde
,Sèche-serviette,Radiateur de salle de bain,https://www.bricodepot.fr/produits/salle-de-bain-et-wc/chauffage-plomberie-et-accessoire-de-salle-de-bain/radiateur-de-salle-de-bain/seche-serviette
,Chauffage d'appoint,Radiateur de salle de bain,https://www.bricodepot.fr/produits/salle-de-bain-et-wc/chauffage-plomberie-et-accessoire-de-salle-de-bain/radiateur-de-salle-de-bain/chauffage-d-appoint
,Modèle Idalie noyer,Modèle de salle de bain,https://www.bricodepot.fr/produits/salle-de-bain-et-wc/meuble-et-vasque-de-salle-de-bain/meuble-et-rangement-de-salle-de-bain/modele-de-salle-de-bain/modele-idalie-noyer
,Modèle Idalie chêne,Modèle de salle de bain,https://www.bricodepot.fr/produits/salle-de-bain-et-wc/meuble-et-vasque-de-salle-de-bain/meuble-et-rangement-de-salle-de-bain/modele-de-salle-de-bain/modele-idalie-chene
,Modèle Idalie noir mat,Modèle de salle de bain,https://www.bricodepot.fr/produits/salle-de-bain-et-wc/meuble-et-vasque-de-salle-de-bain/meuble-et-rangement-de-salle-de-bain/modele-de-salle-de-bain/modele-idalie-noir-mat
,Modèle Aruna blanc,Modèle de salle de bain,https://www.bricodepot.fr/produits/salle-de-bain-et-wc/meuble-et-vasque-de-salle-de-bain/meuble-et-rangement-de-salle-de-bain/modele-de-salle-de-bain/modele-aruna-blanc
,Modèle District,Modèle de salle de bain,https://www.bricodepot.fr/produits/salle-de-bain-et-wc/meuble-et-vasque-de-salle-de-bain/meuble-et-rangement-de-salle-de-bain/modele-de-salle-de-bain/modele-district
,Modèle Style décor blanc/gris,Modèle de salle de bain,https://www.bricodepot.fr/produits/salle-de-bain-et-wc/meuble-et-vasque-de-salle-de-bain/meuble-et-rangement-de-salle-de-bain/modele-de-salle-de-bain/modele-style-blanc
,Modèle Style decor bois clair/gris,Modèle de salle de bain,https://www.bricodepot.fr/produits/salle-de-bain-et-wc/meuble-et-vasque-de-salle-de-bain/meuble-et-rangement-de-salle-de-bain/modele-de-salle-de-bain/modele-style-decor-bois-clair-gris
,Modèle Aruna gris,Modèle de salle de bain,https://www.bricodepot.fr/produits/salle-de-bain-et-wc/meuble-et-vasque-de-salle-de-bain/meuble-et-rangement-de-salle-de-bain/modele-de-salle-de-bain/modele-aruna-gris
,Modèle Avela,Modèle de salle de bain,https://www.bricodepot.fr/produits/salle-de-bain-et-wc/meuble-et-vasque-de-salle-de-bain/meuble-et-rangement-de-salle-de-bain/modele-de-salle-de-bain/modele-avela
,Modèle Himalia blanc,Modèle de salle de bain,https://www.bricodepot.fr/produits/salle-de-bain-et-wc/meuble-et-vasque-de-salle-de-bain/meuble-et-rangement-de-salle-de-bain/modele-de-salle-de-bain/modele-himalia-blanc
,Modèle Himalia gris,Modèle de salle de bain,https://www.bricodepot.fr/produits/salle-de-bain-et-wc/meuble-et-vasque-de-salle-de-bain/meuble-et-rangement-de-salle-de-bain/modele-de-salle-de-bain/modele-himalia-gris
,Modèle Idalie blanc,Modèle de salle de bain,https://www.bricodepot.fr/produits/salle-de-bain-et-wc/meuble-et-vasque-de-salle-de-bain/meuble-et-rangement-de-salle-de-bain/modele-de-salle-de-bain/modele-idalie-blanc
,Modèle Idalie gris,Modèle de salle de bain,https://www.bricodepot.fr/produits/salle-de-bain-et-wc/meuble-et-vasque-de-salle-de-bain/meuble-et-rangement-de-salle-de-bain/modele-de-salle-de-bain/modele-idalie-gris
,Modèle Idalie gris taupé,Modèle de salle de bain,https://www.bricodepot.fr/produits/salle-de-bain-et-wc/meuble-et-vasque-de-salle-de-bain/meuble-et-rangement-de-salle-de-bain/modele-de-salle-de-bain/modele-idalie-gris-taupe
